{
  "tick": 10,
  "prey": 1.500769400583276,
  "pred": 0.704778042717358
}
