{
  "tick": 5,
  "prey": 1.2188642139790282,
  "pred": 0.7206503460070178
}
