{
  "tick": 7,
  "prey": 1.323880211548609,
  "pred": 0.7088293220904118
}
