{
  "tick": 12,
  "prey": 1.631313384700993,
  "pred": 0.712038049124835
}
