{
  "tick": 17,
  "prey": 1.9947367979640143,
  "pred": 0.7721230102591997
}
