{
  "tick": 15,
  "prey": 1.8440643225062736,
  "pred": 0.7400990424978717
}
