{
  "tick": 3,
  "prey": 1.1240127603757895,
  "pred": 0.7393581851703305
}
