{
  "tick": 1,
  "prey": 1.0389761927946848,
  "pred": 0.7647841220161069
}
