{
  "tick": 16,
  "prey": 1.9187139982459311,
  "pred": 0.7546501520262215
}
