{
  "tick": 14,
  "prey": 1.771115499971326,
  "pred": 0.7282640460525655
}
