{
  "tick": 8,
  "prey": 1.3802635123221652,
  "pred": 0.7055965592278711
}
