{
  "tick": 6,
  "prey": 1.270085638292628,
  "pred": 0.7138626104619349
}
