{
  "tick": 18,
  "prey": 2.0717309906290584,
  "pred": 0.792748428527421
}
