{
  "tick": 4,
  "prey": 1.1701866322086365,
  "pred": 0.7291573197628659
}
