{
  "tick": 2,
  "prey": 1.0802941484236483,
  "pred": 0.7512365450883021
}
