{
  "tick": 9,
  "prey": 1.439234045732309,
  "pred": 0.7042223799263929
}
