{
  "tick": 13,
  "prey": 1.7001300134883595,
  "pred": 0.7189634674983728
}
