{
  "tick": 11,
  "prey": 1.5648218557515663,
  "pred": 0.7073493410781646
}
